,grid,alpha,p,xsize,ysize,alpha_hat,alpha_hat,alpha_hat,p_hat,p_hat,p_hat
,,,,,,count,mean,std,count,mean,std
0,3.0,5,p1.5,1000,1000,4,1.2556202380410284,0.05053734129180156,4,0.2613146655127805,0.05062854128652284
1,5.0,5,p1.5,1000,1000,4,1.5471399957698184,0.07144715837082351,4,0.5671424878019808,0.06728078166906923
2,10.0,5,p1.5,1000,1000,4,1.6789955946850093,0.07670576112515656,4,0.8609523681504038,0.012896820146218348
